Timestamp,Reporting Entity,Reporting User,Platform,URL,Report Type,Screenshot URL,Answer Date,Platform Decision,Policy,Appeal
1/3/2023 16:43,VOST Europe,Catherine Brown,TikTok,https://tiktok.com/05ca4a35-30c1-4e91-9f5d-debc63a6dd91,Illegal Content,https://www.google.com/,1/14/2023 16:43,Removed,Policy X,No
1/5/2023 4:22,VOST Europe,Kelly Robinson,Google,https://google.com/7f010735-239e-4f96-b86f-3588ceccda6d,Disinformation,https://www.google.com/,1/21/2023 4:22,No Action,Policy Z,Yes
1/6/2023 6:28,VOST Europe,Rachel French,Bing,https://bing.com/d5eea34e-b961-4b79-ac00-2c7edf3bd336,Platform Manipulation,https://www.google.com/,1/14/2023 6:28,Demoted,Policy Z,No
1/7/2023 8:16,VOST Europe,Cathy Rodriguez,Google,https://google.com/8926537a-23a7-415c-beae-e154c73b439c,Disinformation,,,,,
1/7/2023 9:38,VOST Europe,Michael Moreno,Facebook,https://facebook.com/3714c43e-a832-4951-a7eb-a4bdc6f848a0,Platform Manipulation,https://www.google.com/,1/9/2023 9:38,Removed,Policy W,No
1/12/2023 11:12,VOST Europe,Lucas Mason,Bing,https://bing.com/51a36745-0d01-4354-9301-f7ad832b1809,Illegal Content,https://www.google.com/,1/22/2023 11:12,No Action,Policy Y,No
1/20/2023 18:05,VOST Europe,Amy Alexander,Instagram,https://instagram.com/e8855266-a504-446f-bc49-325f95d73912,Illegal Content,https://www.google.com/,1/29/2023 18:05,Demoted,Policy X,No
1/29/2023 18:29,VOST Europe,Thomas Russell,YouTube,https://youtube.com/84090e5d-ecf2-40ff-9a9e-ff23ed36f96e,Illegal Content,https://www.google.com/,2/24/2023 18:29,Demoted,Policy X,No
1/30/2023 15:59,VOST Europe,Lisa Chavez,Google,https://google.com/c61de233-4605-4d6f-a794-072933547bfa,Disinformation,https://www.google.com/,2/28/2023 15:59,Demoted,Policy X,No
2/11/2023 11:16,VOST Europe,Melissa Jones,Google,https://google.com/78770caa-8187-40a2-819a-56e07e30efbb,Platform Manipulation,https://www.google.com/,3/9/2023 11:16,Demoted,Policy Y,No
2/14/2023 5:28,VOST Europe,Edgar White,LinkedIn,https://linkedin.com/01c6cb40-af71-4fed-bd28-243fc596dd92,Platform Manipulation,,,,,
2/16/2023 19:45,VOST Europe,Matthew Johnson,LinkedIn,https://linkedin.com/55e27765-8e74-443c-871f-10d57afd80dd,DSA,,,,,
2/17/2023 20:28,VOST Europe,Alicia Mills,WhatsApp,https://whatsapp.com/2a2c0f0b-de72-42f8-9fd8-8f412c1514af,Platform Manipulation,https://www.google.com/,3/4/2023 20:28,No Action,Policy Y,No
2/18/2023 6:49,VOST Europe,Mary Koch,Bing,https://bing.com/d77904d9-4478-44ce-8175-88664201c356,Disinformation,https://www.google.com/,3/1/2023 6:49,No Action,Policy Y,Yes
3/8/2023 15:48,VOST Europe,Kyle Everett,Bing,https://bing.com/cacb5bd3-9831-4a6a-b770-a651ed78c6f7,Illegal Content,,,,,
3/10/2023 13:08,VOST Europe,Matthew Abbott,Google,https://google.com/bd76dec5-d520-4ec3-ba5d-69a6eab3182a,Disinformation,https://www.google.com/,3/24/2023 13:08,Demoted,Policy X,No
3/14/2023 17:19,VOST Europe,Amanda Rogers,WhatsApp,https://whatsapp.com/844930e4-2be1-42e0-bacf-2cbeb33e23ed,Spam,https://www.google.com/,4/13/2023 17:19,Demoted,Policy Y,No
3/18/2023 9:27,VOST Europe,Adam White,Facebook,https://facebook.com/0111d5d7-47f0-4d10-9a30-069601944678,DSA,https://www.google.com/,4/4/2023 9:27,Demoted,Policy X,No
3/21/2023 8:49,VOST Europe,Ana Ward,LinkedIn,https://linkedin.com/ba9cfa6a-ec91-4fd5-a9ba-b92fcd60b464,Platform Manipulation,https://www.google.com/,3/23/2023 8:49,Removed,Policy Z,No
3/21/2023 11:10,VOST Europe,Victoria James,Bing,https://bing.com/0bb1a599-921e-4f50-82d8-c98b8b417eac,Illegal Content,https://www.google.com/,4/17/2023 11:10,Demoted,Policy Y,No
3/23/2023 21:46,VOST Europe,Daniel Mccoy,Facebook,https://facebook.com/574ab327-7edc-4afa-97e2-3f0b2873ebc8,Illegal Content,,,,,
3/26/2023 2:45,VOST Europe,Cheryl Lawrence,WhatsApp,https://whatsapp.com/d59adb7c-c596-4b1c-8b58-5a972c6b2ece,Illegal Content,https://www.google.com/,4/17/2023 2:45,Removed,Policy Y,No
3/27/2023 19:56,VOST Europe,Christina Griffith,Instagram,https://instagram.com/6e90db23-4b75-4e49-8f62-f3395814e40b,Illegal Content,,,,,
3/30/2023 17:38,VOST Europe,Amy Dunn,YouTube,https://youtube.com/9c4bce1d-2cea-4b54-ab40-ea31a8242128,Illegal Content,https://www.google.com/,4/10/2023 17:38,Demoted,Policy Y,No
4/2/2023 21:17,VOST Europe,Samuel Hansen DDS,WhatsApp,https://whatsapp.com/009ba8f6-acb5-494d-a1fe-03bd5d0f5a05,Spam,https://www.google.com/,4/3/2023 21:17,No Action,Policy X,No
4/8/2023 18:18,VOST Europe,Suzanne Walker,YouTube,https://youtube.com/e540318f-62dd-496e-974a-3d73ab42e3da,Disinformation,https://www.google.com/,5/8/2023 18:18,Demoted,Policy Z,No
4/8/2023 20:07,VOST Europe,Danielle Hall,TikTok,https://tiktok.com/e06638fb-cf61-4ab5-878e-ccc445c360a8,Spam,,,,,
4/17/2023 16:56,VOST Europe,David Gallagher,Bing,https://bing.com/c6298f20-5548-4378-b438-e4aae44b99b3,Illegal Content,https://www.google.com/,4/25/2023 16:56,Demoted,Policy X,No
4/21/2023 1:52,VOST Europe,Connor Townsend,YouTube,https://youtube.com/d92dc173-b16d-4b36-bac2-087db7bd8d87,DSA,,,,,
4/26/2023 23:42,VOST Europe,Carrie Schneider,Google,https://google.com/0772f245-c902-4f05-8acd-dcd7fa79457a,Illegal Content,https://www.google.com/,5/25/2023 23:42,No Action,Policy Z,No
4/27/2023 0:09,VOST Europe,Bryan Pratt,YouTube,https://youtube.com/db4a0df8-8e5a-4ea7-8aa7-1951ff14f246,Disinformation,,,,,
4/30/2023 2:02,VOST Europe,Ethan Peck,WhatsApp,https://whatsapp.com/eb8302cb-1c15-45d9-af9a-13e93cab5f5d,Spam,,,,,
5/2/2023 11:23,VOST Europe,Randy Neal,Facebook,https://facebook.com/3f54af35-66f7-4dde-93d7-83ae61c70437,Spam,https://www.google.com/,5/19/2023 11:23,No Action,Policy X,No
5/5/2023 7:17,VOST Europe,Billy Marks,YouTube,https://youtube.com/5708300e-c008-4bcd-9080-6d84ced44d73,Spam,https://www.google.com/,5/12/2023 7:17,Removed,Policy Y,No
5/7/2023 13:37,VOST Europe,Ariel Gill,WhatsApp,https://whatsapp.com/e9046877-cbed-43ce-9c93-fcd8f3164568,Illegal Content,,,,,
5/7/2023 16:56,VOST Europe,Jonathan Griffith,YouTube,https://youtube.com/281a32d0-935d-4118-ba0c-b9dd62c5eb30,Disinformation,https://www.google.com/,5/11/2023 16:56,No Action,Policy Y,Yes
5/8/2023 6:45,VOST Europe,Daniel Hamilton,WhatsApp,https://whatsapp.com/d988db0d-c344-4194-9b21-34100b0b3daa,Spam,https://www.google.com/,5/13/2023 6:45,Removed,Policy Z,No
5/10/2023 11:22,VOST Europe,Cassandra Anderson,WhatsApp,https://whatsapp.com/7805f59b-41a7-4f9a-8486-5467205169ad,DSA,https://www.google.com/,5/22/2023 11:22,Demoted,Policy Y,No
5/13/2023 17:51,VOST Europe,Bonnie Sellers,Google,https://google.com/e4da111b-ac61-4551-a7d7-f4183c9cc02a,Spam,https://www.google.com/,5/20/2023 17:51,Removed,Policy W,No
5/15/2023 2:42,VOST Europe,Paul Lewis,Google,https://google.com/7754d709-0265-492c-8bcc-b763bed68750,Platform Manipulation,https://www.google.com/,5/17/2023 2:42,Demoted,Policy X,No
5/24/2023 0:17,VOST Europe,Juan Green,LinkedIn,https://linkedin.com/21aebe7b-f10c-44a5-aec8-6ebb3ce4276b,Platform Manipulation,https://www.google.com/,5/31/2023 0:17,No Action,Policy W,Yes
5/24/2023 18:59,VOST Europe,Alicia Parks,Bing,https://bing.com/24b1abc9-bb5b-4690-95af-bb1f9b0f60d1,Platform Manipulation,https://www.google.com/,6/15/2023 18:59,Demoted,Policy Y,No
5/28/2023 21:33,VOST Europe,Angelica Madden,Facebook,https://facebook.com/c5d805f7-0aaa-4b98-8a1d-a7fdd6ae76c5,Platform Manipulation,,,,,
6/2/2023 3:34,VOST Europe,Dana Norton,YouTube,https://youtube.com/792b6f44-752b-4dcd-9b95-44eefb77cd06,Platform Manipulation,,,,,
6/3/2023 0:44,VOST Europe,Bruce Adams,LinkedIn,https://linkedin.com/cbd3576b-b1ba-429e-81ea-97f832016164,Disinformation,https://www.google.com/,6/14/2023 0:44,Removed,Policy Z,No
6/8/2023 1:34,VOST Europe,William Young,Facebook,https://facebook.com/709b5044-633c-4e5a-8509-e736fc5d7df3,Disinformation,,,,,
6/12/2023 6:05,VOST Europe,Crystal Anderson,Instagram,https://instagram.com/36383e6b-78da-4e27-bce3-08f9fb297834,Disinformation,https://www.google.com/,6/18/2023 6:05,Demoted,Policy W,No
6/17/2023 19:27,VOST Europe,Teresa Davila,LinkedIn,https://linkedin.com/b30cbd0e-9bc8-4639-b980-ef4beb6fc45a,Spam,,,,,
6/20/2023 18:47,VOST Europe,April Edwards,Instagram,https://instagram.com/15a94f75-f45e-4632-96e8-90fde5e3ac2f,Spam,https://www.google.com/,7/1/2023 18:47,Demoted,Policy W,No
6/26/2023 15:04,VOST Europe,Karen Crane,Instagram,https://instagram.com/861e657d-eefc-45d0-a77a-86d8c575e53d,Disinformation,,,,,
7/3/2023 19:06,VOST Europe,Ryan Ramirez,TikTok,https://tiktok.com/cea48ebb-28a7-40e1-b715-258b7bfdbf0a,Illegal Content,https://www.google.com/,7/13/2023 19:06,Removed,Policy X,No
7/4/2023 8:25,VOST Europe,Tara Ryan,Bing,https://bing.com/4ea40c14-1e39-4ccc-ab2c-aa83fe299279,Disinformation,,,,,
7/6/2023 21:18,VOST Europe,Anthony King,Facebook,https://facebook.com/0a3e0e0b-bc88-4445-ad19-62abf1b7292e,Spam,https://www.google.com/,7/18/2023 21:18,Removed,Policy X,No
7/13/2023 6:41,VOST Europe,Julia Welch,Google,https://google.com/b078fc62-f40a-47ce-82f4-7cd3b41e3225,Disinformation,https://www.google.com/,8/2/2023 6:41,Demoted,Policy X,No
7/13/2023 10:21,VOST Europe,Raymond Branch,YouTube,https://youtube.com/47ef3fbf-fa42-4de6-b994-b50fc0a6752c,Illegal Content,https://www.google.com/,7/17/2023 10:21,Removed,Policy X,No
7/20/2023 2:19,VOST Europe,Anita Richardson,Bing,https://bing.com/d823bbf2-8958-4490-9e33-c0fcf4a9e6d2,Platform Manipulation,https://www.google.com/,7/28/2023 2:19,Demoted,Policy X,No
7/25/2023 12:05,VOST Europe,Christopher Jones,Google,https://google.com/be0a70b3-b8a4-499f-84c5-6442a11ce752,Illegal Content,https://www.google.com/,8/16/2023 12:05,Removed,Policy Z,No
7/28/2023 16:17,VOST Europe,Derrick Mcdonald,Facebook,https://facebook.com/8611d4f2-e3cf-44c4-bf58-0cc8ed67c20a,Spam,https://www.google.com/,8/1/2023 16:17,Demoted,Policy Y,No
7/29/2023 16:38,VOST Europe,Michael Padilla,WhatsApp,https://whatsapp.com/57d8d595-b42b-4b2b-a4c1-948d3bc8edc6,Platform Manipulation,https://www.google.com/,8/8/2023 16:38,No Action,Policy W,No
8/4/2023 20:35,VOST Europe,Dr. Richard Rogers,Facebook,https://facebook.com/69c1070b-56f6-4771-ba55-df5f7110664f,Spam,https://www.google.com/,9/3/2023 20:35,Removed,Policy Z,No
8/5/2023 13:16,VOST Europe,Stephen Paul,Facebook,https://facebook.com/579478d8-07c1-4761-a369-1c460be4ebd0,Platform Manipulation,,,,,
8/8/2023 10:31,VOST Europe,Kimberly French,WhatsApp,https://whatsapp.com/28d48f34-7156-41c7-a70a-bc6dc890a022,Disinformation,,,,,
8/18/2023 0:16,VOST Europe,Chad Berry,TikTok,https://tiktok.com/68805769-d9e6-4f77-864a-8ae5a9df35b4,Platform Manipulation,https://www.google.com/,8/30/2023 0:16,No Action,Policy X,No
8/23/2023 1:57,VOST Europe,Bruce Mckay,YouTube,https://youtube.com/425d9ab1-737c-439d-84e0-a7e1df7751c8,Illegal Content,https://www.google.com/,8/28/2023 1:57,Removed,Policy Z,No
8/24/2023 23:31,VOST Europe,Patrick Cox,WhatsApp,https://whatsapp.com/7b76c094-d451-405e-a109-f9cf4e8b97be,Spam,https://www.google.com/,9/8/2023 23:31,Removed,Policy Y,No
8/30/2023 7:59,VOST Europe,Timothy Davis,Google,https://google.com/27fbb5ae-775f-4b66-bb6e-f0c22d37b48e,Spam,https://www.google.com/,9/22/2023 7:59,Demoted,Policy X,No
9/4/2023 3:54,VOST Europe,Shirley Jones,WhatsApp,https://whatsapp.com/02693a1b-d87d-41a5-a6fb-86ba672baad2,Platform Manipulation,,,,,
9/5/2023 13:49,VOST Europe,Stephen Grant,Google,https://google.com/cbddd1c8-0f05-487f-bb95-00cc6562d082,Platform Manipulation,https://www.google.com/,9/18/2023 13:49,Demoted,Policy X,No
9/8/2023 15:42,VOST Europe,James Marks,Instagram,https://instagram.com/fd6ce02c-7e8b-4f23-9277-b79807e4e9ab,Spam,,,,,
9/9/2023 16:56,VOST Europe,Timothy Farmer,WhatsApp,https://whatsapp.com/d1b71bdb-649d-4725-82ef-9c53708cf53c,Illegal Content,https://www.google.com/,9/20/2023 16:56,Removed,Policy X,No
9/11/2023 21:58,VOST Europe,Hailey Foster,LinkedIn,https://linkedin.com/4d5da849-5c23-4ef9-b459-d8552114b252,Spam,https://www.google.com/,9/18/2023 21:58,Demoted,Policy Z,No
9/12/2023 3:48,VOST Europe,Evelyn Watkins,Instagram,https://instagram.com/3078e6db-d5d0-42f1-bacd-9812a9c6f6ab,Disinformation,https://www.google.com/,9/15/2023 3:48,Demoted,Policy W,No
9/20/2023 14:57,VOST Europe,Bradley Gordon,Google,https://google.com/5f617ca0-ec2a-41cd-94cf-43cc78387756,Platform Manipulation,https://www.google.com/,10/16/2023 14:57,Demoted,Policy Y,No
9/23/2023 21:40,VOST Europe,Dylan Wilson MD,Instagram,https://instagram.com/4b067225-58f9-4312-9b47-9876e1cfeb4a,Spam,https://www.google.com/,10/9/2023 21:40,Removed,Policy Z,No
10/13/2023 19:21,VOST Europe,Sierra Mitchell,Facebook,https://facebook.com/03b16c26-790e-4dd9-b7b2-76aef3e06a4b,Illegal Content,,,,,
10/19/2023 14:52,VOST Europe,Jenny Hardy,LinkedIn,https://linkedin.com/8dcc1fe2-0fd7-4d3a-9590-00a7b27fb1cc,Platform Manipulation,,,,,
10/20/2023 13:29,VOST Europe,Maria Sutton,WhatsApp,https://whatsapp.com/57f9e1ec-01fb-4d42-9e2f-3e0389b165a8,Platform Manipulation,https://www.google.com/,11/7/2023 13:29,Removed,Policy X,No
10/22/2023 6:15,VOST Europe,Melissa Christensen,Google,https://google.com/ddfcac5d-fcc3-4c32-91ea-cca859ff3126,Spam,https://www.google.com/,11/5/2023 6:15,No Action,Policy Z,No
10/23/2023 23:43,VOST Europe,Sheryl Hunter DDS,Facebook,https://facebook.com/a1482cf2-d6ff-4aee-a72a-2f1a9812dbf2,Platform Manipulation,https://www.google.com/,10/27/2023 23:43,No Action,Policy X,Yes
10/25/2023 19:28,VOST Europe,Christopher Miranda,Google,https://google.com/3c623875-cd39-40bb-8f38-400f9b2c70a4,Illegal Content,https://www.google.com/,10/30/2023 19:28,Removed,Policy Y,No
10/26/2023 1:00,VOST Europe,Christopher Martinez,Bing,https://bing.com/5b8da29a-a330-433c-a9cb-9c6fe885d45e,Platform Manipulation,,,,,
10/26/2023 4:38,VOST Europe,Joshua Carter,LinkedIn,https://linkedin.com/8a1844c3-05a0-45ed-bdbc-adb67a24ca4c,DSA,https://www.google.com/,11/15/2023 4:38,Demoted,Policy X,No
10/27/2023 4:24,VOST Europe,Stacey Robinson,Instagram,https://instagram.com/461f150e-2648-4161-8f81-1af971c8c8c5,Platform Manipulation,,,,,
10/28/2023 22:38,VOST Europe,Chloe Huff,Instagram,https://instagram.com/7010d617-ff8b-4cfc-a4db-53f65473f45a,DSA,https://www.google.com/,11/16/2023 22:38,Removed,Policy X,No
10/31/2023 22:08,VOST Europe,Joseph Roth,TikTok,https://tiktok.com/3473c10a-1358-4683-94a8-faceec9d92c6,Platform Manipulation,https://www.google.com/,11/25/2023 22:08,Removed,Policy Z,No
11/18/2023 11:02,VOST Europe,Ryan Hamilton,YouTube,https://youtube.com/7f77350d-9274-46be-94f7-f63c271f8a3e,Disinformation,,,,,
11/23/2023 10:56,VOST Europe,Elizabeth Bush,Instagram,https://instagram.com/36c4153c-7a18-4c33-ae3d-75f3cd2b9a6e,DSA,https://www.google.com/,12/14/2023 10:56,Demoted,Policy W,No
11/25/2023 0:36,VOST Europe,Russell Wilson,WhatsApp,https://whatsapp.com/646a2af5-3ac1-4766-b854-5e486afd606a,Spam,https://www.google.com/,12/7/2023 0:36,Demoted,Policy W,No
11/25/2023 7:52,VOST Europe,Amy Browning,Facebook,https://facebook.com/7a65cb1c-7825-4796-bdc8-fb3d009b84a2,Platform Manipulation,,,,,
11/27/2023 3:46,VOST Europe,Whitney Hale,LinkedIn,https://linkedin.com/9929698f-ae78-41d8-a947-b6bf4c9723d9,Illegal Content,https://www.google.com/,12/1/2023 3:46,Demoted,Policy Z,No
12/3/2023 10:48,VOST Europe,Jeremy Andersen,LinkedIn,https://linkedin.com/2f3bbaf7-83fd-4137-a5aa-69d32aff7399,Illegal Content,https://www.google.com/,12/12/2023 10:48,No Action,Policy W,No
12/3/2023 17:14,VOST Europe,Timothy Carlson,Instagram,https://instagram.com/7f91d4be-2fae-476b-9ece-c78f8fbe30ac,Illegal Content,https://www.google.com/,12/27/2023 17:14,Demoted,Policy Y,No
12/7/2023 10:24,VOST Europe,Denise Rodriguez,Instagram,https://instagram.com/8be3ea01-346d-4d49-877c-f538a5937618,Spam,https://www.google.com/,12/21/2023 10:24,Removed,Policy Z,No
12/8/2023 10:38,VOST Europe,Kimberly Rivera,Google,https://google.com/363ce6c4-9787-4680-9f40-66255f83046d,Spam,https://www.google.com/,12/10/2023 10:38,No Action,Policy X,No
12/10/2023 13:33,VOST Europe,Steven Sanders,Bing,https://bing.com/84e50343-8887-49da-aaf9-5942de0c7699,Disinformation,https://www.google.com/,1/1/2024 13:33,No Action,Policy X,Yes
12/12/2023 6:18,VOST Europe,Christopher Sanders,WhatsApp,https://whatsapp.com/6f5cd5a9-0053-4343-b271-f1a50e0c2cab,Disinformation,https://www.google.com/,1/1/2024 6:18,Removed,Policy Z,No
12/19/2023 2:05,VOST Europe,Jeffrey Davis,WhatsApp,https://whatsapp.com/89ce026d-2b8c-4cef-a056-4c3a3aae693d,DSA,https://www.google.com/,1/17/2024 2:05,Removed,Policy Y,No
12/19/2023 3:58,VOST Europe,Kelsey Patton,Google,https://google.com/3c8a846d-c6ad-41da-a850-a65eebb55c86,Disinformation,https://www.google.com/,1/17/2024 3:58,No Action,Policy Z,No
12/22/2023 17:49,VOST Europe,Michael Moran,YouTube,https://youtube.com/7518e5ce-62b4-4b4f-ac9e-a4cc935aa741,Platform Manipulation,https://www.google.com/,1/6/2024 17:49,No Action,Policy Z,Yes
12/28/2023 19:44,VOST Europe,Kyle Johnson III,Bing,https://bing.com/a6b9ff88-6bc9-4c7e-8099-b4cff3c2eb41,Platform Manipulation,https://www.google.com/,1/21/2024 19:44,Demoted,Policy Z,No
